Title,ProductID,LowPrice,HighPrice
[5.5 2022MALL55‡∏•‡∏î1000]LENOVO Notebook IdeaPad D330 -10IGL- 82H0000NTA‚ÄìN4020/4GB/128GB,11881550211,9900.00,9900.00
Dell Laptop E6420 Brand New 14.1inch intel Corei5/i7 256G/512G SSD HD Screen Student Office Gaming Laptop Notebook,12787753364,9999.00,11999.00
BMAX MaxBook Y13 2-in-1 laptop ‡∏´‡∏°‡∏∏‡∏ô 360 Yoga ‡∏≠‡∏á‡∏®‡∏≤ ‡∏à‡∏≠ 13.3 ‡∏ô‡∏¥‡πâ‡∏ß Multi-touch Ultrabook Windows 10 Pro Quad-Core 8GB+256GB,7458536018,13290.00,13290.00
[Laptop] Microsoft Surface GO 3 i3/8/128 Black+Type Cover,14241012776,24690.00,26490.00
‡πÇ‡∏ô‡πä‡∏ï‡∏ö‡∏∏‡πä‡∏Ñ ‡πÅ‡∏ó‡πá‡∏ö‡πÄ‡∏•‡πá‡∏ï Lenovo MiiX-320 / RAM 2GB + SSD 64GB + WiFi + Bluetooth ‡∏™‡∏†‡∏≤‡∏û‡∏î‡∏µ‡∏°‡∏µ‡∏õ‡∏£‡∏∞‡∏Å‡∏±‡∏ô by ‡∏Ñ‡∏≠‡∏°‡∏ñ‡∏π‡∏Å‡∏à‡∏£‡∏¥‡∏á,10390970954,3490.00,3490.00
‡πÇ‡∏ô‡πä‡∏ï‡∏ö‡∏∏‡πä‡∏Ñ Hp 6560b Core i5 Ram 4gb HDD 320gb ‡∏ü‡∏£‡∏µ‡∏Å‡∏£‡∏∞‡πÄ‡∏õ‡πã‡∏≤+‡πÄ‡∏°‡πâ‡∏≤,2459214751,5990.00,5990.00
‡πÇ‡∏ô‡πä‡∏ï‡∏ö‡∏∏‡πä‡∏Ñ‡∏°‡∏∑‡∏≠‡∏™‡∏≠‡∏á‡∏û‡∏£‡πâ‡∏≠‡∏°‡πÉ‡∏ä‡πâ‡∏á‡∏≤‡∏ô ‡∏™‡∏†‡∏≤‡∏û‡∏î‡∏µ,6537654637,3790.00,4990.00
"‡πÇ‡∏ô‡πä‡∏ï‡∏ö‡∏∏‡πä‡∏Ñ Notebook Toshiba Core i5 Ram 8 GB (ROV, PUBG Lite, Freefire, Sim4, PB, SF ‡∏ó‡∏î‡∏™‡∏≠‡∏ö‡πÅ‡∏•‡πâ‡∏ß‡πÄ‡∏•‡πà‡∏ô‡πÑ‡∏î‡πâ‡∏Ñ‡∏£‡∏±‡∏ö)",11975449636,4990.00,4990.00
Dell Laptop E6420 Brand New 14.1inch intel Corei5/i7 256G/512G SSD HD Screen Student Office Gaming Laptop Notebook,12787753364,9999.00,11999.00
‡πÇ‡∏ô‡πä‡∏ï‡∏ö‡∏∏‡πä‡∏Ñ HP EliteBook 725 G3 / RAM 8 GB / HDD 500 GB / Webcam / SD Card / USB / WiFi / Bluetooth ‡∏™‡∏†‡∏≤‡∏û‡∏î‡∏µ By comdee2you,14261448292,5990.00,5990.00
‡πÇ‡∏ô‡πä‡∏ï‡∏ö‡∏∏‡πä‡∏Ñ‡∏£‡∏≤‡∏Ñ‡∏ñ‡∏π‡∏Å laptop new 2022 ‡πÄ‡∏•‡πà‡∏ô‡πÄ‡∏Å‡∏°‡πÅ‡∏£‡∏á‡πÜ ‡∏Ñ‡∏≠‡∏°‡∏û‡∏¥‡∏ß‡πÄ‡∏ï‡∏≠‡∏£‡πå‡πÅ‡∏£‡∏á 14\ IPS 1920x1080 Intel Celeron ‡πÇ‡∏õ‡∏£‡πÅ‡∏Å‡∏£‡∏°‡∏†‡∏≤‡∏©‡∏≤‡πÑ‡∏ó‡∏¢ ‡∏Ñ‡∏≠‡∏°‡πÄ‡∏•‡πà‡∏ô‡πÄ‡∏Å‡∏°‡∏ñ‡∏π‡∏Å‡πÜ,11077721705,8999.00,15999.00
DELL I5 GEN 7     ‡πÅ‡∏£‡∏° 8 GB ‡πÇ‡∏ô‡πä‡∏ï‡∏ö‡∏∏‡∏Ñ‡∏°‡∏∑‡∏≠‡∏™‡∏≠‡∏á ‡∏ï‡∏±‡∏ß‡∏ö‡∏≤‡∏á  Latitude  3480,14342590377,8400.00,9400.00
‡∏´‡∏±‡∏ß‡πÄ‡∏ß‡πà‡∏¢‡πÇ‡∏ô‡πä‡∏ï‡∏ö‡∏∏‡πä‡∏Ñ HUAWEI MateBook D15 [Intel¬Æ Core‚Ñ¢ i3-10110U Ram 8 GB DDR4/SSD256GB ] ‡∏£‡∏±‡∏ö‡∏õ‡∏£‡∏∞‡∏Å‡∏±‡∏ô 1 ‡∏õ‡∏µ Huawei Thailand,11214240628,14990.00,14990.00
‡πÇ‡∏ô‡πä‡∏ï‡∏ö‡∏∏‡πä‡∏Ñ/‡πÅ‡∏ó‡πá‡∏ö‡πÄ‡∏•‡πá‡∏ï 2-in-1 Dell Latitude 3190 / RAM 4 GB / 64+128GB / Webcam / Wifi / Bluetooth / ‡∏Ç‡∏≠‡∏á‡πÉ‡∏´‡∏°‡πà By Comdee2you,12228824281,8990.00,9990.00
‡∏û‡∏£‡πâ‡∏≠‡∏°‡∏™‡πà‡∏á! HP Notebook 15S-GR0511AU (15.6‚Äù FHD /Athlon-3150U/Ram 4 GB/256 SSD/UMA/W 10 Home/‡∏õ‡∏£‡∏∞‡∏Å‡∏±‡∏ô‡∏®‡∏π‡∏ô‡∏¢‡πå HP 2 ‡∏õ‡∏µ) ‡πÇ‡∏ô‡πâ‡∏ï‡∏ö‡∏∏‡πä‡∏Ñ,14248660721,12890.00,12890.00
Asus factory ‡πÇ‡∏ô‡πä‡∏ï‡∏ö‡∏∏‡πä‡∏Ñ ‡∏™‡∏≤‡∏¢‡πÄ‡∏Å‡∏° 6/8/128GSSD ‡∏Å‡∏≤‡∏£‡∏Å‡∏≥‡∏´‡∏ô‡∏î‡∏Ñ‡πà‡∏≤‡∏´‡∏•‡∏≤‡∏¢‡∏£‡∏≤‡∏¢‡∏Å‡∏≤‡∏£ Gaming notebook ‡∏Ñ‡∏≠‡∏°‡∏ñ‡∏π‡∏Å‡πÜ ‡πÇ‡∏ô‡πä‡∏ï‡∏ö‡∏∏‡πä‡∏Ñ ‡∏™‡∏≤‡∏¢‡πÄ‡∏Å‡∏° ‡∏£‡∏±‡∏ö‡∏õ‡∏£‡∏∞‡∏Å‡∏±‡∏ô 1 ‡∏õ‡∏µ,13054578852,12999.00,14999.00
‡πÇ‡∏ô‡πä‡∏ï‡∏ö‡∏∏‡πä‡∏Ñ‡∏°‡∏∑‡∏≠2‡∏™‡∏ß‡∏¢‡πÜ‡∏Ñ‡∏•‡∏∞‡∏¢‡∏µ‡πà‡∏´‡πâ‡∏≠,6775001566,2390.00,2590.00
HP NOTEBOOK 15S-GR0511AU (NATURAL SILVER),9293425792,13990.00,13990.00
‚ùâ‡∏°‡∏∑‡∏≠‡∏™‡∏≠‡∏á Asus Asus T100Ta ‡πÅ‡∏ó‡πá‡∏ö‡πÄ‡∏•‡πá‡∏ï‡∏û‡∏µ‡∏ã‡∏µ 2-in-1 10 ‡∏ô‡∏¥‡πâ‡∏ß Win10 ‡∏≠‡∏¥‡∏ô‡πÄ‡∏ó‡∏≠‡∏£‡πå‡πÄ‡∏ô‡πá‡∏ï‡πÇ‡∏ô‡πâ‡∏ï‡∏ö‡∏∏‡πä‡∏Å 64G Office,13953812678,2362.00,2362.00
Acer Notebook Extensa EX215-32-C3CH/T009 (Black),8196559743,11760.00,11760.00
Notebook HP Elitebook 820G1 Core I7-4600U@2.10Ghz Gen4/RAM 8G/SSD 128G/‡∏à‡∏≠12.5‡∏ô‡∏¥‡πâ‡∏ß ‡πÅ‡∏ö‡∏ï‡∏î‡∏µ‡πÄ‡∏Ñ‡∏£‡∏∑‡πà‡∏≠‡∏á‡∏™‡∏ß‡∏¢,16721718974,7000.00,7000.00
[‡πÄ‡∏Å‡πá‡∏ö‡∏Ñ‡∏π‡∏õ‡∏≠‡∏á ‡∏£‡∏±‡∏ö‡∏Ñ‡∏∑‡∏ô‡∏™‡∏π‡∏á‡∏™‡∏∏‡∏î500coins]ACER Aspire3 A315-23-R144/AMD Athlon Silver 3050U/‡∏õ‡∏£‡∏∞‡∏Å‡∏±‡∏ô 2y/BY NOTEBOOK STOER,17919553450,11980.00,11980.00
‡πÇ‡∏ô‡πä‡∏ï‡∏ö‡∏∏‡πä‡∏Ñ ‡πÄ‡∏≠‡∏ä‡∏û‡∏µ HP notebook Laptop 15s-gr0511AU AthlonGold/4GB/256GB/win10/‡∏õ‡∏£‡∏∞‡∏Å‡∏±‡∏ô 2‡∏õ‡∏µ O,8680543318,13550.00,13550.00
‡πÇ‡∏ô‡πä‡∏ï‡∏ö‡∏∏‡πä‡∏Ñ ‡πÅ‡∏ó‡πá‡∏ö‡πÄ‡∏•‡πá‡∏ï Fujitsu Stylistic Q737/P Core i5-7300U /RAM 4GB /SSD 128GB /HDMI /WiFi /Bluetooth ‡∏™‡∏†‡∏≤‡∏û‡∏î‡∏µ By Comdee2you,11286858830,9990.00,9990.00
‡πÇ‡∏ï‡πä‡∏∞‡∏Ñ‡∏≠‡∏° ‡πÇ‡∏ï‡πä‡∏∞‡∏Ñ‡∏≠‡∏°‡∏Ç‡πâ‡∏≤‡∏á‡πÄ‡∏ï‡∏µ‡∏¢‡∏á ‡πÇ‡∏ï‡πä‡∏∞‡∏ß‡∏≤‡∏á‡πÇ‡∏ô‡πâ‡∏ï‡∏ö‡∏∏‡πä‡∏Å ‡πÇ‡∏ï‡πä‡∏∞‡∏ß‡∏≤‡∏á‡∏Ç‡∏≠‡∏á‡∏≠‡πÄ‡∏ô‡∏Å‡∏õ‡∏£‡∏∞‡∏™‡∏á‡∏Ñ‡πå ‡πÇ‡∏ï‡πä‡∏∞computer ‡πÇ‡∏ï‡πä‡∏∞‡πÇ‡∏ô‡πâ‡∏ï‡∏ö‡∏∏‡πâ‡∏Ñ ‡πÇ‡∏ï‡πä‡∏∞notebook(60x40cm/80*40cm.),8184716359,295.00,429.00
"[‡∏ú‡πà‡∏≠‡∏ô 0%] ‡πÇ‡∏ô‡πä‡∏ï‡∏ö‡∏∏‡πä‡∏Ñ HP Notebook Pavilion x360 Convertible 14-dy0123TU (14.0\, Intel Core i3-1125G4, 8GB Ram, 512GB SSD, Win11 home)",10222332048,25990.00,25990.00
NOTEBOOK ACER ASPIRE 3 A314-35-P3DE / P9RS / P9R9 INTEL WINDOWS 10 HOME ‡∏õ‡∏£‡∏∞‡∏Å‡∏±‡∏ô‡∏®‡∏π‡∏ô‡∏¢‡πå 2 ‡∏õ‡∏µ,10708997179,11090.00,11090.00
ASUS Chromebook C223 (C223NA-GJ0100) Notebook ( ‡πÇ‡∏ô‡πä‡∏ï‡∏ö‡∏∏‡πä‡∏Ñ ) 11.6\ HD Celeron¬Æ N3350 RAM4GB eMMC32GB ChromeOS,12372270074,8950.00,8950.00
‡πÇ‡∏ô‡πä‡∏ï‡∏ö‡∏∏‡πä‡∏Ñ‡∏°‡∏∑‡∏≠‡∏™‡∏≠‡∏á ‡∏™‡∏†‡∏≤‡∏û‡∏î‡∏µ‡∏ü‡∏£‡∏µ‡πÇ‡∏õ‡∏£‡πÅ‡∏Å‡∏£‡∏°‡∏û‡∏£‡πâ‡∏≠‡∏°‡πÉ‡∏ä‡πâ‡∏á‡∏≤‡∏ô ‡∏£‡∏≤‡∏Ñ‡∏≤‡∏õ‡∏£‡∏∞‡∏´‡∏¢‡∏±‡∏î ‡∏™‡∏≥‡∏´‡∏£‡∏±‡∏ö‡∏ó‡∏≥‡∏á‡∏≤‡∏ô‡πÄ‡∏•‡πà‡∏ô‡πÄ‡∏ô‡πá‡∏ï‡πÅ‡∏ö‡∏ö‡∏£‡∏ß‡∏î‡πÄ‡∏£‡πá‡∏ß‡∏ó‡∏±‡∏ô‡πÉ‡∏à,8065788960,2590.00,7590.00
[‡∏™‡πà‡∏á‡∏ü‡∏£‡∏µ+0%] NOTEBOOK (‡πÇ‡∏ô‡πä‡∏ï‡∏ö‡∏∏‡πä‡∏Ñ) HP 15s-gr0511AU Athlon 3150U dual 4GB DDR4„Äê‡∏™‡∏≤‡∏°‡∏≤‡∏£‡∏ñ‡∏≠‡∏≠‡∏Å‡πÉ‡∏ö‡∏Å‡∏≥‡∏Å‡∏±‡∏ö‡∏†‡∏≤‡∏©‡∏µ‡πÑ‡∏î‡πâ „Äë‡∏™‡∏¥‡∏ô‡∏Ñ‡πâ‡∏≤‡πÉ‡∏´‡∏°‡πà ‡∏°‡∏∑‡∏≠1 ‡∏£‡∏±‡∏ö‡∏õ‡∏£‡∏∞‡∏Å‡∏±‡∏ô‡∏®‡∏π‡∏ô‡∏¢‡πå,9675641502,12990.00,12990.00
‡πÇ‡∏ô‡πä‡∏ï‡∏ö‡∏∏‡πä‡∏Ñ notebook Acer,14417091490,500.00,500.00
Notebook ‡∏°‡∏∑‡∏≠‡∏™‡∏≠‡∏á‡∏û‡∏£‡πâ‡∏≠‡∏°‡πÉ‡∏ä‡πâ‡∏á‡∏≤‡∏ô‡∏™‡∏†‡∏≤‡∏û‡∏î‡∏µ,5252189568,3590.00,8590.00
ASUS Vivobook 14 S413 Indie Black/Hearty Gold Notebook ( ‡πÇ‡∏ô‡πä‡∏ï‡∏ö‡∏∏‡πä‡∏Ñ ) 14\ FHD i3-1115G4 RAM8GB SSD512GB W11,15337196046,17990.00,17990.00
‡πÇ‡∏ô‡πä‡∏ï‡∏ö‡∏∏‡πä‡∏Ñ/‡πÅ‡∏ó‡πá‡∏ö‡πÄ‡∏•‡πá‡∏ï Lenovo MiiX 320 / RAM 2GB / SSD 64GB / WiFi / Bluetooth / 2Webcam ‡∏™‡∏†‡∏≤‡∏û‡∏î‡∏µ‡∏°‡∏µ‡∏õ‡∏£‡∏∞‡∏Å‡∏±‡∏ô by Artechsolution,17829409019,3490.00,3490.00
notebook Hp compaq 6710b+‡∏Å‡∏•‡πâ‡∏≠‡∏á‡∏´‡∏ô‡πâ‡∏≤ ‡∏ü‡∏£‡∏µ ‡∏Å‡∏£‡∏∞‡πÄ‡∏õ‡πã‡∏≤+‡πÄ‡∏°‡πâ‡∏≤ (‡πÅ‡∏ö‡∏ï‡πÄ‡∏™‡∏∑‡∏≠‡∏°),6805348686,2490.00,2490.00
BMAX S13 ‡πÇ‡∏ô‡πä‡∏ï‡∏ö‡∏∏‡πä‡∏Ñ 13.3 ‡∏ô‡∏¥‡πâ‡∏ß 4K Intel N4020 2.8GHz ‡∏Ñ‡∏ß‡∏≤‡∏°‡∏à‡∏∏ 6GB+256GB SSD ‡∏™‡πà‡∏á‡∏à‡∏≤‡∏Å‡πÑ‡∏ó‡∏¢ ‡∏õ‡∏£‡∏∞‡∏Å‡∏±‡∏ô 1 ‡∏õ‡∏µ,11104596404,8990.00,9490.00
RAM10 notebook gaming msi ‡πÇ‡∏Ñ‡∏ï‡∏£‡πÅ‡∏£‡∏á I7 GTX950M ‡πÇ‡∏ô‡πä‡∏ï‡∏ö‡∏∏‡πä‡∏Ñ laptop ‡πÄ‡∏Å‡∏°‡∏°‡∏¥‡πà‡∏á ‡∏£‡∏±‡∏ö‡∏õ‡∏£‡∏∞‡∏Å‡∏±‡∏ô 1 ‡∏õ‡∏µ‡πÄ‡∏ï‡πá‡∏° ‡πÇ‡∏ô‡πä‡∏ï‡∏ö‡∏∏‡πä‡∏Ñ‡∏™‡∏≥‡∏´‡∏£‡∏±‡∏ö‡πÄ‡∏•‡πà‡∏ô‡πÄ‡∏Å‡∏°‡∏™‡πå,6195581743,16900.00,16900.00
‡πÇ‡∏ô‡πä‡∏ï‡∏ö‡∏∏‡πä‡∏Ñ ‡πÅ‡∏ó‡πá‡∏ö‡πÄ‡∏•‡πá‡∏ï Lenovo ThinkPad Helix Core i5-3427U /RAM 4GB /SSD 180GB /WiFi /Bluetooth /Webcam /‡∏™‡∏†‡∏≤‡∏û‡∏î‡∏µ By Comdee2you,16601658263,6990.00,6990.00
‡πÇ‡∏ô‡πá‡∏ï‡∏ö‡∏∏‡πä‡∏Ñ Fujitsu LifeBook E734/K Core i3 Gen4 /RAM 4GB /HDD 320GB /‡∏à‡∏≠ 13.5‚Ä≥ /DisplayPort /USB WiFi ‡∏™‡∏†‡∏≤‡∏û‡∏î‡∏µ By Comdee2you,16938124135,3990.00,3990.00
‡πÇ‡∏ô‡πä‡∏ï‡∏ö‡∏∏‡πä‡∏Ñ ‡πÄ‡∏≠‡∏ä‡∏û‡∏µ HP Notebook Laptop 15s-eq2068AU #461J7PA - Ryzen5/Ram16GB/512GB/15.6/wi,8473050833,21250.00,21250.00
‡πÇ‡∏ô‡πä‡∏ï‡∏ö‡∏∏‡πä‡∏Ñ‡∏ö‡∏≤‡∏á‡πÄ‡∏ö‡∏≤ MSI Notebook Modern 15 A5M-278TH Carbon Gray (A) by Banana IT,15463458266,21990.00,21990.00
Acer Notebook Aspire Vero AV15-51-518U Gray ‡πÇ‡∏ô‡πä‡∏ï‡∏ö‡∏∏‡πä‡∏Ñ‡∏ö‡∏≤‡∏á‡πÄ‡∏ö‡∏≤ by Banana IT,13432255155,20990.00,20990.00
‡πÄ‡∏≠‡∏ã‡∏∏‡∏™ ‡πÇ‡∏ô‡πä‡∏ï‡∏ö‡∏∏‡πä‡∏Ñ ASUS NOTEBOOK S413EA-EB341WS Core i3 14 ‡∏ô‡∏¥‡πâ‡∏ß + Office 2021 ‡∏ï‡∏•‡∏≠‡∏î‡∏ä‡∏µ‡∏û,14648295808,17990.00,17990.00
‡πÇ‡∏ô‡πä‡∏ï‡∏ö‡∏∏‡πä‡∏Ñ HP EliteBook 725 G3 / RAM 8 GB / HDD 500 GB / Webcam / SD Card / USB / WiFi / Bluetooth ‡∏™‡∏†‡∏≤‡∏û‡∏î‡∏µ By Alldeecom,12081283536,5990.00,5990.00
‡πÇ‡∏ô‡πâ‡∏ï‡∏ö‡∏∏‡πä‡∏Å‡πÅ‡∏•‡∏∞‡πÅ‡∏ó‡πá‡∏ö‡πÄ‡∏•‡πá‡∏ï  LENOVO NOTEBOOK 2 IN 1 IDEAPAD D330-10IGL,13203516140,9600.00,9600.00
‡πÇ‡∏ô‡πä‡∏ï‡∏ö‡∏∏‡πä‡∏Ñ/‡πÅ‡∏ó‡πá‡∏ö‡πÄ‡∏•‡πá‡∏ï 2-in-1 Dell Latitude 5285 core i5 GEN 7 RAM 8 GB SSD M.2 128 GB/ Webcam/ Wifi/ Bluetooth by Comdee2you,12628826987,13900.00,14900.00
‡πÇ‡∏ô‡πä‡∏ï‡∏ö‡∏∏‡πä‡∏Ñ‡∏ñ‡∏π‡∏Å‡πÜi5Gen3ram4,12974765190,3490.00,3490.00
(‡∏™‡∏¥‡∏ô‡∏Ñ‡πâ‡∏≤‡∏û‡∏£‡πâ‡∏≠‡∏°‡∏™‡πà‡∏á‡πÄ‡∏Å‡πá‡∏ö‡∏õ‡∏•‡∏≤‡∏¢‡∏ó‡∏≤‡∏á) ‡πÇ‡∏ô‡πä‡∏ï‡∏ö‡∏∏‡πä‡∏Ñ‡∏°‡∏∑‡∏≠‡∏™‡∏≠‡∏á ‡∏û‡∏£‡πâ‡∏≠‡∏°‡πÉ‡∏ä‡πâ‡∏á‡∏≤‡∏ô,17624760667,1920.00,1920.00
üí•RAM12 ‡πÇ‡∏ô‡πä‡∏ï‡∏ö‡∏∏‡πä‡∏Ñ‡πÄ‡∏Å‡∏°‡∏™‡πå notebook gaming i7 6700HQ SSD GTX Asus Lenovo gaming laptop gaming ‡∏ó‡∏≥‡∏á‡∏≤‡∏ô‡∏ï‡∏±‡∏î‡∏ï‡πà‡∏≠ ‡πÄ‡∏Ç‡∏µ‡∏¢‡∏ô‡πÅ‡∏ö‡∏ö GTA V PUBG,9779668501,18900.00,18900.00
‡πÇ‡∏ô‡πä‡∏ï‡∏ö‡∏∏‡πä‡∏Ñ ‡πÄ‡∏•‡πà‡∏ô‡πÄ‡∏Å‡∏°‡∏™‡πå‡πÑ‡∏î‡πâ ACER TravelMate P449-M Core i5 Gen6 ‡πÅ‡∏£‡∏° 8GB+HDD 500 GB. ‡∏õ‡∏£‡∏∞‡∏Å‡∏±‡∏ô 3 ‡πÄ‡∏î‡∏∑‡∏≠‡∏ô,9501262554,6999.00,6999.00
Notebook Lenovo ThinkBook 15 Gen2 20VE004XTA (Grey) i5-1135G7/8G/512GB/Intel Iris Xe Graphics/1Y /By MonkeyKing7,11557736157,22090.00,23090.00
‚úº‚úï‡πÅ‡∏ó‡πá‡∏ö‡πÄ‡∏•‡πá‡∏ï‡∏û‡∏µ‡∏ã‡∏µ Windows 10 ‡∏°‡∏∑‡∏≠‡∏™‡∏≠‡∏á 10 ‡∏ô‡∏¥‡πâ‡∏ß‡∏û‡∏£‡πâ‡∏≠‡∏°‡∏û‡∏≠‡∏£‡πå‡∏ï USB ‡∏Ç‡∏ô‡∏≤‡∏î‡πÉ‡∏´‡∏ç‡πà ‡∏™‡∏ï‡πá‡∏≠‡∏Å‡∏Å‡∏≤‡∏£‡∏û‡∏¥‡∏°‡∏û‡πå‡∏™‡∏ï‡πá‡∏≠‡∏Å‡∏ö‡∏ó‡πÄ‡∏£‡∏µ‡∏¢‡∏ô‡∏≠‡∏≠‡∏ô‡πÑ‡∏•‡∏ô‡πå‡πÇ‡∏ô‡πä‡∏ï‡∏ö‡∏∏‡πä‡∏Ñ,14104643696,2081.00,2081.00
Asus Notebook TUF Gaming F15 FX506HCB-HN1138W ‡πÇ‡∏ô‡πä‡∏ï‡∏ö‡∏∏‡πä‡∏Ñ‡πÄ‡∏Å‡∏°‡∏°‡∏¥‡πà‡∏á by Banana IT,14710347341,30990.00,30990.00
NOTEBOOK (‡πÇ‡∏ô‡πâ‡∏ï‡∏ö‡∏∏‡πä‡∏Ñ) ACER ASPIRE 3 A315-23-R144(Black) ‡πÄ‡πÄ‡∏•‡∏∞ A315-23-R69S(PURE SILVER)‡πÄ‡∏ô‡πâ‡∏ô‡∏á‡∏≤‡∏ô‡πÄ‡∏≠‡∏Å‡∏™‡∏≤‡∏£‡πÄ‡∏£‡πá‡∏ß‡∏°‡∏≤‡∏Å‡πÜ,4649259639,12752.00,12752.00
ASUS Laptop X515 (X515EA-EJ303W) Notebook ( ‡πÇ‡∏ô‡πä‡∏ï‡∏ö‡∏∏‡πä‡∏Ñ ) 15.6\ FHD i3-1115G4 RAM4GB SSD512GB W11 ‡∏£‡∏±‡∏ö‡∏õ‡∏£‡∏∞‡∏Å‡∏±‡∏ô 2 ‡∏õ‡∏µ,13654824868,16990.00,16990.00
Notebook HP Pavilion 15-eg1020TU (Natural Silver) / Core i5 / 512GB / 8GB / Win 11,17642078629,21490.00,21490.00
2010 Laptop Dell Vostro 3450,14865821390,2542.00,2542.00
„Äê‡∏£‡∏±‡∏ö‡∏õ‡∏£‡∏∞‡∏Å‡∏±‡∏ô 1 ‡∏õ‡∏µ with Thai Keyboard„ÄëJumper EZPad Pro 8 11.6 Inch Intel Core Dual Core 2 in 1 Laptop Tablets ‡πÇ‡∏ô‡πä‡∏ï‡∏ö‡∏∏‡πä‡∏Ñ ‡πÅ‡∏•‡πá‡∏õ‡∏ó‡πá‡∏≠‡∏õ 128GB SSD 6GB/12GB RAM Computer Notebook Pad with Webcam for School Office Student Business,13502513777,5699.00,7599.00
‡πÇ‡∏ô‡πä‡∏ï‡∏ö‡∏∏‡πä‡∏Ñ‡∏£‡∏≤‡∏Ñ‡∏ñ‡∏π‡∏Å laptop new 2022 ‡πÄ‡∏•‡πà‡∏ô‡πÄ‡∏Å‡∏°‡πÅ‡∏£‡∏á‡πÜ ‡∏Ñ‡∏≠‡∏°‡∏û‡∏¥‡∏ß‡πÄ‡∏ï‡∏≠‡∏£‡πå‡πÅ‡∏£‡∏á 14\ IPS 1920x1080 Intel Celeron ‡πÇ‡∏õ‡∏£‡πÅ‡∏Å‡∏£‡∏°‡∏†‡∏≤‡∏©‡∏≤‡πÑ‡∏ó‡∏¢ ‡∏Ñ‡∏≠‡∏°‡πÄ‡∏•‡πà‡∏ô‡πÄ‡∏Å‡∏°‡∏ñ‡∏π‡∏Å‡πÜ,11077721705,8999.00,15999.00
NOTEBOOK (‡πÇ‡∏ô‡πâ‡∏ï‡∏ö‡∏∏‡πä‡∏Ñ) ASUS D413DA-EB003T (BESPOKE BLACK) /Ryzen 3/4GB/M2.512GB/win10,9769359765,14990.00,14990.00
